	PDB_acc	path	chain	gene_len
166	8TBX	DDX_human_pdb/DDX_PROSITE_SEARCH/DDX1/8TBX.cif	A	[278, 388]
116	2PL3	DDX_human_pdb/DDX_PROSITE_SEARCH/DDX10/2PL3.cif	A	[233]
140	7QDR	DDX_human_pdb/DDX_PROSITE_SEARCH/DDX13/7QDR.cif	A	[1245]
16	5XDR	DDX_human_pdb/DDX_PROSITE_SEARCH/DDX15/5XDR.cif	A	[685]
26	7QTT	DDX_human_pdb/DDX_PROSITE_SEARCH/DDX16/7QTT.cif	N	[1040]
172	6UV2	DDX_human_pdb/DDX_PROSITE_SEARCH/DDX17/6UV2.cif	A	[445]
210	3LY5	DDX_human_pdb/DDX_PROSITE_SEARCH/DDX18/3LY5.cif	A	[238, 238]
234	3G0H	DDX_human_pdb/DDX_PROSITE_SEARCH/DDX19B/3G0H.cif	A	[421]
221	2OXC	DDX_human_pdb/DDX_PROSITE_SEARCH/DDX20/2OXC.cif	A	[227, 227]
204	2M3D	DDX_human_pdb/DDX_PROSITE_SEARCH/DDX21/2M3D.cif	A	[93]
181	8H6E	DDX_human_pdb/DDX_PROSITE_SEARCH/DDX23/8H6E.cif	4U	[819]
223	2RB4	DDX_human_pdb/DDX_PROSITE_SEARCH/DDX25/2RB4.cif	A	[172, 172]
209	7OI6	DDX_human_pdb/DDX_PROSITE_SEARCH/DDX28/7OI6.cif	x	[539]
110	8OZ0	DDX_human_pdb/DDX_PROSITE_SEARCH/DDX2A/8OZ0.cif	3	[405, 405]
126	3BOR	DDX_human_pdb/DDX_PROSITE_SEARCH/DDX2B/3BOR.cif	A	[218]
201	2N16	DDX_human_pdb/DDX_PROSITE_SEARCH/DDX36/2N16.cif	A	[17]
158	7MQA	DDX_human_pdb/DDX_PROSITE_SEARCH/DDX37/7MQA.cif	NS	[1156]
167	5YZG	DDX_human_pdb/DDX_PROSITE_SEARCH/DDX38/5YZG.cif	Z	[1226]
0	8IJU	DDX_human_pdb/DDX_PROSITE_SEARCH/DDX39A/8IJU.cif	A	[385]
117	1T5I	DDX_human_pdb/DDX_PROSITE_SEARCH/DDX39B/1T5I.cif	A	[169]
1	2I4I	DDX_human_pdb/DDX_PROSITE_SEARCH/DDX3X/2I4I.cif	A	[414]
225	5GVR	DDX_human_pdb/DDX_PROSITE_SEARCH/DDX41/5GVR.cif	A	[233]
156	8DPE	DDX_human_pdb/DDX_PROSITE_SEARCH/DDX42/8DPE.cif	A	[435]
151	7VPX	DDX_human_pdb/DDX_PROSITE_SEARCH/DDX46/7VPX.cif	E	[1030]
200	3BER	DDX_human_pdb/DDX_PROSITE_SEARCH/DDX47/3BER.cif	A	[225]
93	6QDV	DDX_human_pdb/DDX_PROSITE_SEARCH/DDX48/6QDV.cif	7	[389]
71	4A4D	DDX_human_pdb/DDX_PROSITE_SEARCH/DDX5/4A4D.cif	A	[252]
175	2E29	DDX_human_pdb/DDX_PROSITE_SEARCH/DDX50/2E29.cif	A	[84]
238	3DKP	DDX_human_pdb/DDX_PROSITE_SEARCH/DDX52/3DKP.cif	A	[242]
153	3IUY	DDX_human_pdb/DDX_PROSITE_SEARCH/DDX53/3IUY.cif	A	[226, 226]
159	8FKT	DDX_human_pdb/DDX_PROSITE_SEARCH/DDX54/8FKT.cif	NI	[880]
28	2LWD	DDX_human_pdb/DDX_PROSITE_SEARCH/DDX58/2LWD.cif	A	[95]
145	2YQP	DDX_human_pdb/DDX_PROSITE_SEARCH/DDX59/2YQP.cif	A	[52]
79	6F9S	DDX_human_pdb/DDX_PROSITE_SEARCH/DDX6/6F9S.cif	A	[168]
127	2EQS	DDX_human_pdb/DDX_PROSITE_SEARCH/DDX8/2EQS.cif	A	[95]
113	3VYX	DDX_human_pdb/DDX_PROSITE_SEARCH/DDX9/3VYX.cif	A	[112]
