gene	PDB	UNP	chains	path	id	chain
DDX1	4XW3	Q92499	1	DDX_human_pdb/DDX1_Q92499/4xw3.cif	1	A
DDX1	4XW3	Q92499	1	DDX_human_pdb/DDX1_Q92499/4xw3.cif	1	B
DDX10	2PL3	Q13206	1	DDX_human_pdb/DDX10_Q13206/2pl3.cif	1	A
DDX17	6UV4	Q92841	2	DDX_human_pdb/DDX17_Q92841/6uv4.cif	1	A
DDX18	3LY5	Q9NVP1	1	DDX_human_pdb/DDX18_Q9NVP1/3ly5.cif	1	A
DDX18	3LY5	Q9NVP1	1	DDX_human_pdb/DDX18_Q9NVP1/3ly5.cif	1	B
DDX19B	3EWS	Q9UMR2	1	DDX_human_pdb/DDX19B_Q9UMR2/3ews.cif	1	A
DDX19B	3EWS	Q9UMR2	1	DDX_human_pdb/DDX19B_Q9UMR2/3ews.cif	1	B
DDX20	3B7G	Q9UHI6	1	DDX_human_pdb/DDX20_Q9UHI6/3b7g.cif	1	A
DDX20	3B7G	Q9UHI6	1	DDX_human_pdb/DDX20_Q9UHI6/3b7g.cif	1	B
DDX21	6L5M	Q9NR30	1	DDX_human_pdb/DDX21_Q9NR30/6l5m.cif	1	A
DDX21	6L5M	Q9NR30	1	DDX_human_pdb/DDX21_Q9NR30/6l5m.cif	1	B
DDX21	6L5M	Q9NR30	1	DDX_human_pdb/DDX21_Q9NR30/6l5m.cif	1	C
DDX21	6L5M	Q9NR30	1	DDX_human_pdb/DDX21_Q9NR30/6l5m.cif	1	D
DDX21	6L5M	Q9NR30	1	DDX_human_pdb/DDX21_Q9NR30/6l5m.cif	1	E
DDX23	4NHO	Q9BUQ8	1	DDX_human_pdb/DDX23_Q9BUQ8/4nho.cif	1	A
DDX25	2RB4	Q9UHL0	1	DDX_human_pdb/DDX25_Q9UHL0/2rb4.cif	1	A
DDX25	2RB4	Q9UHL0	1	DDX_human_pdb/DDX25_Q9UHL0/2rb4.cif	1	B
DDX288	7OI6	Q9NUL7	51	DDX_human_pdb/DDX288_Q9NUL7/7oi6.cif	41	x
DDX2A	3EIQ	P60842	2	DDX_human_pdb/DDX2A_P60842/3eiq.cif	1	A
DDX2A	3EIQ	P60842	2	DDX_human_pdb/DDX2A_P60842/3eiq.cif	1	D
DDX2B	3BOR	Q14240	1	DDX_human_pdb/DDX2B_Q14240/3bor.cif	1	A
DDX39A	8IJU	O00148	1	DDX_human_pdb/DDX39A_O00148/8iju.cif	1	A
DDX39B	4XW3	Q13838	1	DDX_human_pdb/DDX39B_Q13838/4xw3.cif	1	A
DDX39B	4XW3	Q13838	1	DDX_human_pdb/DDX39B_Q13838/4xw3.cif	1	B
DDX3X	2I4I	O00571	1	DDX_human_pdb/DDX3X_O00571/2i4i.cif	1	A
DDX41	2P6N	Q9UJV9	1	DDX_human_pdb/DDX41_Q9UJV9/2p6n.cif	1	A
DDX41	2P6N	Q9UJV9	1	DDX_human_pdb/DDX41_Q9UJV9/2p6n.cif	1	B
DDX42	8DPE	Q86XP3	1	DDX_human_pdb/DDX42_Q86XP3/8dpe.cif	1	A
DDX46	7Q3L	Q7L014	9	DDX_human_pdb/DDX46_Q7L014/7q3l.cif	9	p
DDX47	3BER	Q9H0S4	1	DDX_human_pdb/DDX47_Q9H0S4/3ber.cif	1	A
DDX48	2HXY	P38919	1	DDX_human_pdb/DDX48_P38919/2hxy.cif	1	A
DDX48	2HXY	P38919	1	DDX_human_pdb/DDX48_P38919/2hxy.cif	1	B
DDX48	2HXY	P38919	1	DDX_human_pdb/DDX48_P38919/2hxy.cif	1	C
DDX48	2HXY	P38919	1	DDX_human_pdb/DDX48_P38919/2hxy.cif	1	D
DDX5	3FE2	P17844	1	DDX_human_pdb/DDX5_P17844/3fe2.cif	1	A
DDX5	3FE2	P17844	1	DDX_human_pdb/DDX5_P17844/3fe2.cif	1	B
DDX50	2E29	Q9BQ39	1	DDX_human_pdb/DDX50_Q9BQ39/2e29.cif	1	A
DDX52	3DKP	Q9Y2R4	1	DDX_human_pdb/DDX52_Q9Y2R4/3dkp.cif	1	A
DDX53	8KCA	Q86TM3	1	DDX_human_pdb/DDX53_Q86TM3/8kca.cif	1	A
DDX53	8KCA	Q86TM3	1	DDX_human_pdb/DDX53_Q86TM3/8kca.cif	1	B
DDX54	8FKT	Q8TDD1	53	DDX_human_pdb/DDX54_Q8TDD1/8fkt.cif	51	SW
DDX59	2YQP	Q5T1V6	1	DDX_human_pdb/DDX59_Q5T1V6/2yqp.cif	1	A
DDX6	1VEC	P26196	1	DDX_human_pdb/DDX6_P26196/1vec.cif	1	A
DDX6	1VEC	P26196	1	DDX_human_pdb/DDX6_P26196/1vec.cif	1	B
