Entry	Reviewed	Entry Name	Length	Pfam	PDB
O00148	reviewed	DX39A_HUMAN	427	PF00270;PF00271;	8IJU;
O00571	reviewed	DDX3X_HUMAN	662	PF00270;PF00271;	2I4I;2JGN;3JRV;4O2C;4O2E;4O2F;4PX9;4PXA;5E7I;5E7J;5E7M;6CZ5;6O5F;7LIU;8SSW;
O14646	reviewed	CHD1_HUMAN	1710	PF18375;PF13907;PF00385;PF00271;PF00176;	2B2T;2B2U;2B2V;2B2W;2B2Y;2N39;4B4C;4NW2;4O42;5AFW;
O43143	reviewed	DHX15_HUMAN	795	PF00270;PF21010;PF04408;PF00271;PF07717;	5XDR;6ID1;6SH6;6SH7;8EJM;
O60231	reviewed	DHX16_HUMAN	1041	PF00270;PF21010;PF04408;PF00271;PF07717;	5Z56;5Z57;5Z58;6FF7;7DVQ;7QTT;8CH6;
O60264	reviewed	SMCA5_HUMAN	1052	PF09110;PF00271;PF09111;PF00176;	6NE3;8V4Y;8V6V;8V7L;
O75417	reviewed	DPOLQ_HUMAN	2590	PF00270;PF00476;PF00271;PF20470;PF21099;	4X0P;4X0Q;5A9F;5A9J;5AGA;6XBU;7ZUS;7ZX0;7ZX1;8E23;8E24;8GD7;9BH6;9BH7;9BH8;9BH9;9BHA;
O75643	reviewed	U520_HUMAN	2136	PF21188;PF00270;PF00271;PF18149;PF02889;	2Q0Z;3JCR;4F91;4F92;4F93;4KIT;5O9Z;5URJ;5URK;5URM;5XJC;5YZG;5Z56;5Z57;5Z58;6AH0;6AHD;6FF7;6ICZ;6QDV;6QW6;6QX9;6S8O;6S8Q;6S9I;7A5P;7ABG;7ABI;7BDI;7BDJ;7BDK;7BDL;7DVQ;7OS1;7OS2;7PX3;7W5B;8BC8;8BC9;8BCA;8BCB;8BCC;8BCD;8BCE;8BCF;8BCG;8BCH;8C6J;8CH6;8H6E;8H6J;8H6K;8H6L;8Q7Q;8Q7V;8Q7W;8Q7X;8Q91;8QO9;8QOZ;8QP9;8QPA;8QPB;8QPK;8QXD;8QZS;8R08;8R09;8R0A;8R0B;8RC0;8RM5;8Y6O;
O94761	reviewed	RECQ4_HUMAN	1208	PF00270;PF11719;PF00271;	2KMU;5LST;
O94762	reviewed	RECQ5_HUMAN	991	PF00270;PF00271;PF06959;PF16124;PF08236;	4BK0;5LB3;5LB5;5LB8;5LBA;7ZML;7ZMM;7ZMN;7ZMO;7ZMP;7ZMQ;7ZMR;7ZMS;7ZMT;7ZMV;
O95786	reviewed	RIGI_HUMAN	925	PF16739;PF00270;PF00271;PF18119;PF11648;	2LWD;2LWE;2QFB;2QFD;2RMJ;2YKG;3LRN;3LRR;3NCU;3OG8;3ZD6;3ZD7;4AY2;4BPB;4NQK;4ON9;4P4H;5E3H;5F98;5F9F;5F9H;6GPG;6KYV;7BAH;7BAI;7JL1;7JL3;7MK1;7TNX;7TNY;7TNZ;7TO0;7TO1;7TO2;8DVR;8DVS;8DVU;8G7T;8G7U;8G7V;8SCZ;8SD0;
P17844	reviewed	DDX5_HUMAN	614	PF00270;PF00271;PF08061;	3FE2;4A4D;
P19447	reviewed	ERCC3_HUMAN	782	PF16203;PF13625;PF04851;	4ERN;5IVW;5IY6;5IY7;5IY8;5IY9;5OF4;6NMI;6O9L;6O9M;6RO4;7AD8;7EGB;7EGC;7ENA;7ENC;7LBM;7NVR;7NVV;7NVW;7NVX;7NVY;7NVZ;7NW0;8BVW;8BYQ;8EBS;8EBT;8EBU;8EBV;8EBW;8EBX;8EBY;8GXQ;8GXS;8WAK;8WAL;8WAN;8WAO;8WAP;8WAQ;8WAR;8WAS;
P26196	reviewed	DDX6_HUMAN	483	PF00270;PF00271;	1VEC;2WAX;2WAY;4CRW;4CT4;4CT5;5ANR;6F9S;6S8S;
P38919	reviewed	IF4A3_HUMAN	411	PF00270;PF00271;	2HXY;2HYI;2J0Q;2J0S;2J0U;2XB2;3EX7;4C9B;5MQF;5XJC;5YZG;6ICZ;6QDV;6YVH;7A5P;7W59;7W5A;7W5B;7ZNJ;8C6J;
P42285	reviewed	MTREX_HUMAN	1042	PF00270;PF08148;PF00271;PF21408;PF13234;	6C90;6D6Q;6D6R;6IEG;6IEH;6RO1;7S7B;7S7C;7Z4Y;7Z4Z;7Z52;
P46063	reviewed	RECQ1_HUMAN	649	PF00270;PF00271;PF16124;	2V1X;2WWY;4U7D;6JTZ;
P46100	reviewed	ATRX_HUMAN	2492	PF17981;PF00271;PF00176;	2JM1;2LBM;2LD1;3QL9;3QLA;3QLC;3QLN;4W5A;5GRQ;5Y18;5Y6O;6G0O;
P51531	reviewed	SMCA2_HUMAN	1590	PF07533;PF00439;PF00271;PF07529;PF08880;PF14619;PF00176;	2DAT;4QY4;5DKC;5DKH;6EG2;6EG3;6HAX;6HAY;6HAZ;7S4E;7Z6L;7Z76;7Z77;7Z78;8G1P;8QJT;
P51532	reviewed	SMCA4_HUMAN	1647	PF07533;PF00439;PF00271;PF07529;PF08880;PF14619;PF00176;	2GRC;2H60;3UVD;5DKD;5EA1;6BGH;6HR2;6LTH;6LTJ;6SY2;6ZS2;7TAB;7VDT;7VDV;7VRB;7Y8R;8EB1;8G1Q;8QJR;
P54132	reviewed	BLM_HUMAN	1417	PF08072;PF16204;PF16202;PF00270;PF00271;PF00570;PF16124;PF09382;	2KV2;2MH9;2RRD;3WE2;3WE3;4CDG;4CGZ;4O3M;5LUP;5MK5;5U6K;7AUC;7AUD;7XUW;7XV0;
P60842	reviewed	IF4A1_HUMAN	406	PF00270;PF00271;	2G9N;2ZU6;3EIQ;5ZBZ;5ZC9;6ZMW;7PPZ;7PQ0;8HUJ;8OZ0;8XXN;
Q03468	reviewed	ERCC6_HUMAN	1493	PF00271;PF00176;	4CVO;7OO3;7OOB;7OOP;7OPC;7OPD;8B3D;8B3F;
Q08211	reviewed	DHX9_HUMAN	1270	PF00270;PF00035;PF21010;PF04408;PF00271;PF07717;	3LLM;3VYX;3VYY;8SZP;
Q13206	reviewed	DDX10_HUMAN	875	PF00270;PF13959;PF00271;	2PL3;
Q13838	reviewed	DX39B_HUMAN	428	PF00270;PF00271;	1T5I;1T6N;1XTI;1XTJ;1XTK;7APK;7ZNK;7ZNL;8ENK;
Q14191	reviewed	WRN_HUMAN	1432	PF00270;PF01612;PF00271;PF00570;PF14493;PF16124;PF09382;	2AXL;2DGZ;2E1E;2E1F;2FBT;2FBV;2FBX;2FBY;2FC0;3AAF;6TYV;6YHR;7GQS;7GQT;7GQU;7XUT;8PFL;8PFO;8PFP;8YLE;
Q14240	reviewed	IF4A2_HUMAN	407	PF00270;PF00271;	3BOR;
Q14527	reviewed	HLTF_HUMAN	1009	PF00271;PF08797;PF00176;PF13923;	2MZN;4HRE;4HRH;4S0N;4XZF;4XZG;5BNH;5K5F;6KCS;
Q14562	reviewed	DHX8_HUMAN	1220	PF00270;PF21010;PF04408;PF00271;PF07717;PF00575;	2EQS;3I4U;5MQF;5XJC;6HYS;6HYT;6HYU;6ICZ;6QDV;7W59;7W5A;7W5B;8C6J;
Q14839	reviewed	CHD4_HUMAN	1912	PF08074;PF06461;PF08073;PF00385;PF06465;PF00271;PF00628;PF00176;	1MM2;1MM3;2EE1;2L5U;2L75;2N5N;4O9I;6BGG;6Q3M;6RYR;6RYU;8D4Y;
Q149N8	reviewed	SHPRH_HUMAN	1683	PF00271;PF00538;PF21325;PF21324;PF00176;PF13445;	2M85;4QN1;
Q15477	reviewed	SKI2_HUMAN	1246	PF00270;PF08148;PF00271;PF21408;PF13234;PF17911;	7QDR;7QDS;7QDY;7QDZ;7QE0;
Q2NKX8	reviewed	ERC6L_HUMAN	1250	PF00271;PF00176;	5JNO;
Q5FWF4	reviewed	ZRAB3_HUMAN	1079	PF00271;PF01844;PF00176;PF00641;	5MKW;5MLO;5MLW;5YD8;
Q5T1V6	reviewed	DDX59_HUMAN	619	PF00270;PF00271;PF04438;	2YQP;
Q5T890	reviewed	ER6L2_HUMAN	1550	PF00271;PF00176;PF14773;	6HQ9;8COB;
Q6ZRS2	reviewed	SRCAP_HUMAN	3230	PF00271;PF07529;PF00176;	6IGM;8X15;8X19;8X1C;
Q7L014	reviewed	DDX46_HUMAN	1031	PF00270;PF00271;	6Y50;6Y53;6Y5Q;7EVO;7Q3L;7VPX;
Q7L2E3	reviewed	DHX30_HUMAN	1194	PF00270;PF21010;PF00271;PF07717;	2DB2;
Q86TM3	reviewed	DDX53_HUMAN	631	PF00270;PF00271;PF00013;	3IUY;8KCA;
Q86WJ1	reviewed	CHD1L_HUMAN	897	PF00271;PF00176;	6ZHX;6ZHY;7ENN;7EPU;7OTQ;8B0A;
Q86XP3	reviewed	DDX42_HUMAN	938	PF00270;PF00271;	7EVN;8DPE;8HK1;
Q8IY37	reviewed	DHX37_HUMAN	1157	PF00270;PF21010;PF04408;PF00271;PF07717;	7MQA;
Q8IYD8	reviewed	FANCM_HUMAN	2048	PF00270;PF02732;PF16783;PF00271;	4BXO;4DAY;4DRB;4E45;4M6W;
Q8N3C0	reviewed	ASCC3_HUMAN	2202	PF00270;PF00271;PF02889;	6YXQ;8ALZ;
Q8TD26	reviewed	CHD6_HUMAN	2715	PF00385;PF00271;PF00176;	2EPB;
Q8TDD1	reviewed	DDX54_HUMAN	881	PF08147;PF00270;PF00271;	8FKT;8FKU;8FKV;8FKW;8FKX;8FKY;
Q8TDI0	reviewed	CHD5_HUMAN	1954	PF08074;PF06461;PF08073;PF00385;PF06465;PF00271;PF00628;PF00176;	6GUU;
Q92499	reviewed	DDX1_HUMAN	740	PF00270;PF00271;PF00622;	4XW3;8TBX;
Q92620	reviewed	PRP16_HUMAN	1227	PF00270;PF21010;PF04408;PF00271;PF07717;	5YZG;6ZYM;7A5P;
Q92841	reviewed	DDX17_HUMAN	729	PF00270;PF00271;	6UV0;6UV1;6UV2;6UV3;6UV4;
Q96C10	reviewed	DHX58_HUMAN	678	PF00271;PF04851;PF18119;PF11648;	2RQA;2W4R;3EQT;
Q9BQ39	reviewed	DDX50_HUMAN	737	PF00270;PF08152;PF00271;	2E29;
Q9BUQ8	reviewed	DDX23_HUMAN	820	PF00270;PF00271;	3JCR;4NHO;6AH0;6QW6;6QX9;8H6E;8H6J;8Q7W;8Q7X;8Q91;8QOZ;8QP8;8QP9;8QPA;8QPB;8QPK;8QXD;8R08;8R09;8R0A;8R0B;8RC0;8RM5;8Y6O;
Q9BYX4	reviewed	IFIH1_HUMAN	1025	PF16739;PF00271;PF04851;PF18119;PF11648;	2RQB;3B6E;3GA3;4GL2;7DNI;7DNJ;7JL0;7JL2;
Q9H0S4	reviewed	DDX47_HUMAN	455	PF00270;PF00271;	3BER;
Q9H2U1	reviewed	DHX36_HUMAN	1008	PF00270;PF21010;PF04408;PF00271;PF07717;	2N16;2N21;6Q6R;
Q9H4L7	reviewed	SMRCD_HUMAN	1026	PF00271;PF00176;	6H3A;6QU1;7Z36;
Q9H6S0	reviewed	YTDC2_HUMAN	1430	PF00270;PF21010;PF04408;PF00271;PF07717;PF01424;PF04146;	2YU6;6K6U;6LR2;
Q9HCK8	reviewed	CHD8_HUMAN	2581	PF07533;PF00385;PF00271;PF00176;	2CKA;2DL6;
Q9NR30	reviewed	DDX21_HUMAN	783	PF00270;PF08152;PF00271;	2M3D;6L5L;6L5M;6L5N;6L5O;
Q9NUL7	reviewed	DDX28_HUMAN	540	PF00270;PF00271;	7OI6;
Q9NVP1	reviewed	DDX18_HUMAN	670	PF00270;PF13959;PF00271;	3LY5;8FKP;8FKQ;8FKR;8FKS;8FKT;8FKU;8FKV;8FKW;8FKX;8FKY;
Q9NZC9	reviewed	SMAL1_HUMAN	954	PF07443;PF00271;PF00176;	4MQV;
Q9P2D1	reviewed	CHD7_HUMAN	2997	PF07533;PF00385;PF00271;PF00176;	2CKC;2V0E;2V0F;
Q9UHI6	reviewed	DDX20_HUMAN	824	PF00270;PF00271;	2OXC;3B7G;
Q9UHL0	reviewed	DDX25_HUMAN	483	PF00270;PF00271;	2RB4;
Q9UJV9	reviewed	DDX41_HUMAN	622	PF00270;PF00271;	2P6N;5GVR;5GVS;5H1Y;8C6J;
Q9ULG1	reviewed	INO80_HUMAN	1556	PF13892;PF00271;PF00176;	6HTS;7ZI4;
Q9UMR2	reviewed	DD19B_HUMAN	479	PF00270;PF00271;	3EWS;3FHC;3FHT;3FMO;3FMP;3G0H;6B4I;6B4J;6B4K;
Q9UPY3	reviewed	DICER_HUMAN	1922	PF00270;PF03368;PF20932;PF20930;PF20931;PF00271;PF02170;PF00636;	2EB1;4NGB;4NGC;4NGD;4NGF;4NGG;4NH3;4NH5;4NH6;4NHA;4WYQ;5ZAK;5ZAL;5ZAM;7XW2;7XW3;
Q9Y2R4	reviewed	DDX52_HUMAN	599	PF00270;PF00271;	3DKP;
Q59FF6	unreviewed	Q59FF6_HUMAN	870	PF00271;PF00176;	6A6I;
