	PDB	path	chain
0	QUERY	/home/bio/source/ring-homology-pipeline/cif/PDB/query.cif	C
1	8bb5	/home/bio/source/ring-homology-pipeline/cif/PDB/8bb5.cif	B
2	8bb4	/home/bio/source/ring-homology-pipeline/cif/PDB/8bb4.cif	O
3	8bb3	/home/bio/source/ring-homology-pipeline/cif/PDB/8bb3.cif	K
4	8bb2	/home/bio/source/ring-homology-pipeline/cif/PDB/8bb2.cif	K
5	8je2	/home/bio/source/ring-homology-pipeline/cif/PDB/8je2.cif	C
6	8je1	/home/bio/source/ring-homology-pipeline/cif/PDB/8je1.cif	H
7	8je1	/home/bio/source/ring-homology-pipeline/cif/PDB/8je1.cif	C
8	8ij1	/home/bio/source/ring-homology-pipeline/cif/PDB/8ij1.cif	H
9	8ij1	/home/bio/source/ring-homology-pipeline/cif/PDB/8ij1.cif	C
10	8rx0	/home/bio/source/ring-homology-pipeline/cif/PDB/8rx0.cif	D
11	8rwz	/home/bio/source/ring-homology-pipeline/cif/PDB/8rwz.cif	D
12	8fy0	/home/bio/source/ring-homology-pipeline/cif/PDB/8fy0.cif	C
13	6i7q	/home/bio/source/ring-homology-pipeline/cif/PDB/6i7q.cif	C
14	8wqh	/home/bio/source/ring-homology-pipeline/cif/PDB/8wqh.cif	I
15	8wqh	/home/bio/source/ring-homology-pipeline/cif/PDB/8wqh.cif	E
16	8wqg	/home/bio/source/ring-homology-pipeline/cif/PDB/8wqg.cif	H
