u	v	inter	prob	observations	count	color	inter_class	_crv_idx	_crv_total	_crv_offset	crv_idx
5	13	HBOND	0.9384615384615385	['QUERY_C', '8bb5_B', '8bb4_O', '8bb3_K', '8bb2_K', '8je2_C', '8je1_H', '8je1_C', '8ij1_H', '8ij1_C', '8rx0_D', '8rwz_D', '8fy0_C', '6i7q_C', '8wqh_I', '8wqh_E', '8wqg_H', '8wqg_B', '8wqf_C', '8wqe_E', '8wqc_H', '8wqc_B', '8wqb_C', '8wqb_G', '8wqa_G', '8wqa_E', '8vlb_C', '8vl9_C', '8sh2_L', '8sh2_J', '8sh2_H', '8sh2_F', '8jav_T', '8jav_N', '8jav_H', '8jav_D', '8jau_D', '8jas_T', '8jas_N', '8jas_H', '8jas_D', '8jar_H', '8jar_D', '8jaq_T', '8jaq_N', '8jaq_H', '8jaq_D', '8fy2_C', '8fy1_C', '8fvj_9', '8fvj_4', '8fvi_z', '8ewv_V', '8ewv_R', '8ewv_N', '8ewv_J', '8ewv_F', '8ewv_B', '8ei3_E', '8ei3_B', '7upn_G']	61	tab:blue	intra	0	2	-0.3	0
5	13	VDW	0.49230769230769234	['8bb5_B', '8bb4_O', '8bb3_K', '8bb2_K', '8je2_C', '8je1_H', '8fy0_C', '6i7q_C', '8wqh_I', '8wqg_B', '8wqf_C', '8wqf_G', '8wqe_G', '8wqc_H', '8wqc_B', '8wqb_C', '8wqb_G', '8wqa_G', '8wqa_E', '8vl9_C', '8sh2_J', '8jav_H', '8jau_H', '8jas_T', '8jas_H', '8fy2_C', '8fy1_C', '8ewv_V', '8ewv_N', '8ewv_J', '8ei3_E', '8ei3_B']	32	tab:gray	intra	1	2	0.3	1
5	17	HBOND	0.015384615384615385	['8g1q_B']	1	tab:blue	intra	0	1	0.0	0
5	15	VDW	0.09230769230769231	['8wqb_C', '8wqa_G', '8wqa_E', '8jav_N', '8jar_H', '8ewv_J']	6	tab:gray	intra	0	1	0.0	0
5	58	VDW	0.046153846153846156	['8wqe_E', '8jar_D', '8fvi_z']	3	tab:gray	intra	0	1	0.0	0
5	61	VDW	0.046153846153846156	['8rx0_D', '8rwz_D', '8wqe_G']	3	tab:gray	intra	0	1	0.0	0
5	46	VDW	0.3076923076923077	['8rx0_D', '8rwz_D', '8wqh_E', '8wqf_C', '8wqe_E', '8wqa_E', '8jav_N', '8jau_H', '8jau_D', '8jas_T', '8jar_D', '8jaq_T', '8jaq_H', '8jaq_D', '8fvj_9', '8ewv_N', '8ewv_F', '8ei3_E', '8ei3_B', '7upn_G']	20	tab:gray	intra	0	1	0.0	0
5	54	VDW	0.16923076923076924	['8je2_C', '8je1_H', '8wqg_B', '8wqc_H', '8wqc_B', '8wqb_C', '8sh2_L', '8jas_N', '8jas_H', '8jaq_D', '8fvi_z']	11	tab:gray	intra	0	1	0.0	0
5	26	VDW	0.12307692307692308	['8rx0_D', '8rwz_D', '8wqh_E', '8wqf_G', '8wqa_E', '8sh2_J', '8jau_H', '8jaq_H']	8	tab:gray	intra	0	1	0.0	0
5	11	VDW	0.03076923076923077	['8wqh_I', '8sh2_J']	2	tab:gray	intra	0	1	0.0	0
5	44	VDW	0.3076923076923077	['8bb4_O', '8ij1_C', '8fy0_C', '8wqh_I', '8wqb_C', '8wqb_G', '8vl9_C', '8sh2_J', '8sh2_H', '8jav_H', '8jau_H', '8jaq_H', '8jaq_D', '8fy2_C', '8ewv_V', '8ewv_R', '8ewv_N', '8ewv_J', '8ewv_B', '8ei3_E']	20	tab:gray	intra	0	1	0.0	0
5	12	VDW	0.13846153846153847	['8je2_C', '8je1_H', '8wqa_G', '8sh2_H', '8jas_T', '8jaq_T', '8fvi_z', '8ewv_J', '7upn_G']	9	tab:gray	intra	0	1	0.0	0
13	7	VDW	0.12307692307692308	['6i7q_C', '8wqe_G', '8wqa_G', '8jav_D', '8jar_D', '8jaq_N', '8fvj_9', '8fvj_4']	8	tab:gray	intra	0	1	0.0	0
15	7	HBOND	0.015384615384615385	['8g1q_B']	1	tab:blue	intra	0	2	-0.3	0
15	7	VDW	0.015384615384615385	['8g1q_B']	1	tab:gray	intra	1	2	0.3	1
15	6	VDW	0.015384615384615385	['8g1q_B']	1	tab:gray	intra	0	1	0.0	0
46	7	VDW	0.18461538461538463	['8je2_C', '8rx0_D', '8rwz_D', '8wqe_E', '8sh2_L', '8jav_D', '8jas_T', '8jaq_H', '8fvj_9', '8fvj_4', '8ewv_V', '8ei3_E']	12	tab:gray	intra	0	1	0.0	0
46	8	HBOND	0.47692307692307695	['8bb2_K', '8je2_C', '8ij1_C', '8rx0_D', '8rwz_D', '8fy0_C', '6i7q_C', '8wqf_C', '8wqf_G', '8wqe_G', '8wqe_E', '8wqb_C', '8wqb_G', '8wqa_E', '8vlb_C', '8vl9_C', '8jav_N', '8jau_H', '8jau_D', '8jas_H', '8jar_D', '8jaq_N', '8fy2_C', '8fy1_C', '8fvj_9', '8fvj_4', '8ewv_R', '8ewv_J', '8ewv_F', '8ewv_B', '8ei3_B']	31	tab:blue	intra	0	2	-0.3	0
46	8	VDW	0.27692307692307694	['8bb5_B', '8fy0_C', '6i7q_C', '8wqh_E', '8wqg_B', '8wqe_E', '8wqb_G', '8wqa_E', '8vlb_C', '8sh2_H', '8jas_H', '8jas_D', '8jaq_T', '8fy2_C', '8fy1_C', '8fvj_9', '8ewv_N', '8ewv_F']	18	tab:gray	intra	1	2	0.3	1
46	6	HBOND	0.8153846153846154	['QUERY_C', '8bb5_B', '8bb4_O', '8bb3_K', '8bb2_K', '8je2_C', '8je1_C', '8ij1_H', '8ij1_C', '8rx0_D', '8rwz_D', '8fy0_C', '6i7q_C', '8wqh_I', '8wqh_E', '8wqg_B', '8wqf_C', '8wqe_G', '8wqe_E', '8wqc_H', '8wqb_C', '8wqa_G', '8wqa_E', '8vlb_C', '8vl9_C', '8sh2_J', '8sh2_H', '8jav_T', '8jav_H', '8jav_D', '8jau_H', '8jau_D', '8jas_T', '8jas_H', '8jas_D', '8jar_H', '8jar_D', '8jaq_T', '8jaq_H', '8jaq_D', '8fy2_C', '8fy1_C', '8fvj_9', '8fvj_4', '8fvi_z', '8ewv_V', '8ewv_R', '8ewv_J', '8ewv_F', '8ewv_B', '8ei3_E', '8ei3_B', '7upn_G']	53	tab:blue	intra	0	2	-0.3	0
46	6	VDW	0.2923076923076923	['8bb5_B', '8bb3_K', '8je1_C', '8rx0_D', '8rwz_D', '8wqh_I', '8wqh_E', '8wqg_H', '8wqf_C', '8wqe_G', '8jau_H', '8jas_N', '8jas_D', '8jaq_N', '8jaq_D', '8ewv_V', '8ewv_N', '8ewv_B', '8ei3_E']	19	tab:gray	intra	1	2	0.3	1
54	7	VDW	0.46153846153846156	['QUERY_C', '8bb2_K', '8ij1_H', '6i7q_C', '8wqh_I', '8wqh_E', '8wqg_H', '8wqg_B', '8wqf_C', '8wqc_H', '8wqb_C', '8wqa_G', '8vlb_C', '8sh2_L', '8sh2_J', '8jav_N', '8jav_D', '8jas_T', '8jas_H', '8jas_D', '8jar_D', '8jaq_N', '8jaq_H', '8jaq_D', '8fy2_C', '8fvj_4', '8ewv_R', '8ewv_J', '8ewv_B', '8ei3_B']	30	tab:gray	intra	0	1	0.0	0
54	6	VDW	0.015384615384615385	['8wqc_B']	1	tab:gray	intra	0	1	0.0	0
11	7	HBOND	0.8615384615384616	['QUERY_C', '8bb5_B', '8bb4_O', '8bb3_K', '8bb2_K', '8je2_C', '8je1_H', '8ij1_H', '8ij1_C', '8rx0_D', '8rwz_D', '8fy0_C', '6i7q_C', '8wqh_I', '8wqh_E', '8wqf_C', '8wqf_G', '8wqe_E', '8wqb_C', '8wqa_G', '8wqa_E', '8vlb_C', '8vl9_C', '8sh2_L', '8sh2_J', '8sh2_H', '8sh2_F', '8jav_T', '8jav_N', '8jav_H', '8jav_D', '8jau_H', '8jau_D', '8jas_T', '8jas_N', '8jas_H', '8jas_D', '8jar_H', '8jar_D', '8jaq_T', '8jaq_N', '8jaq_H', '8jaq_D', '8fy2_C', '8fy1_C', '8fvj_9', '8fvj_4', '8fvi_z', '8ewv_V', '8ewv_R', '8ewv_N', '8ewv_J', '8ewv_B', '8ei3_E', '8ei3_B', '7upn_G']	56	tab:blue	intra	0	2	-0.3	0
11	7	VDW	0.4461538461538462	['QUERY_C', '8bb5_B', '8bb3_K', '8bb2_K', '8je1_H', '8rx0_D', '8rwz_D', '8fy0_C', '8wqf_G', '8wqb_C', '8wqa_G', '8vl9_C', '8sh2_L', '8sh2_J', '8sh2_H', '8jau_H', '8jas_N', '8jar_H', '8jar_D', '8jaq_T', '8jaq_H', '8fy2_C', '8fy1_C', '8fvj_4', '8ewv_V', '8ewv_J', '8ewv_F', '8ei3_B', '7upn_G']	29	tab:gray	intra	1	2	0.3	1
11	51	HBOND	0.23076923076923078	['8ij1_C', '8wqg_B', '8wqf_C', '8wqc_B', '8wqb_C', '8wqb_G', '8sh2_L', '8sh2_J', '8sh2_H', '8jav_D', '8jau_D', '8jar_H', '8jar_D', '8ewv_R', '8ewv_B']	15	tab:blue	intra	0	2	-0.3	0
11	51	VDW	0.35384615384615387	['QUERY_C', '8bb3_K', '8je2_C', '8wqg_H', '8wqg_B', '8wqe_E', '8wqc_B', '8sh2_L', '8sh2_J', '8sh2_H', '8jav_N', '8jau_H', '8jas_T', '8jas_N', '8jar_H', '8jaq_T', '8jaq_N', '8fvj_4', '8ewv_R', '8ewv_F', '8ewv_B', '8ei3_B', '7upn_G']	23	tab:gray	intra	1	2	0.3	1
11	97	HBOND	0.5230769230769231	['QUERY_C', '8bb5_B', '8bb4_O', '8bb3_K', '8bb2_K', '8je2_C', '8je1_C', '8ij1_C', '8fy0_C', '6i7q_C', '8wqh_E', '8wqe_E', '8wqc_B', '8vlb_C', '8vl9_C', '8sh2_J', '8sh2_H', '8sh2_F', '8jav_D', '8jas_T', '8jas_N', '8jas_D', '8jaq_N', '8fy2_C', '8fy1_C', '8fvj_9', '8fvj_4', '8ewv_V', '8ewv_R', '8ewv_N', '8ewv_F', '8ewv_B', '8ei3_E', '8ei3_B']	34	tab:blue	inter	0	5	-0.3	0
11	97	VDW	0.7230769230769231	['8bb5_B', '8bb3_K', '8bb2_K', '8je2_C', '8je1_C', '8ij1_H', '8ij1_C', '8rx0_D', '8rwz_D', '8wqg_H', '8wqg_B', '8wqf_C', '8wqf_G', '8wqe_G', '8wqe_E', '8wqc_H', '8wqc_B', '8wqb_C', '8wqa_G', '8wqa_E', '8vlb_C', '8sh2_L', '8sh2_J', '8sh2_H', '8sh2_F', '8jav_T', '8jav_N', '8jav_H', '8jau_H', '8jas_T', '8jas_N', '8jas_H', '8jar_D', '8jaq_T', '8jaq_N', '8jaq_H', '8jaq_D', '8fy2_C', '8fvj_9', '8fvi_z', '8ewv_V', '8ewv_R', '8ewv_N', '8ewv_J', '8ewv_F', '8ei3_E', '8ei3_B']	47	tab:gray	inter	1	5	-0.15	1
11	97	PIPISTACK	0.8461538461538461	['QUERY_C', '8bb5_B', '8bb4_O', '8bb3_K', '8bb2_K', '8je2_C', '8je1_C', '8ij1_H', '8ij1_C', '8rx0_D', '8rwz_D', '8fy0_C', '6i7q_C', '8wqh_I', '8wqh_E', '8wqg_B', '8wqf_C', '8wqf_G', '8wqe_G', '8wqe_E', '8wqc_H', '8wqc_B', '8wqb_C', '8wqb_G', '8wqa_G', '8wqa_E', '8vlb_C', '8vl9_C', '8sh2_J', '8sh2_H', '8sh2_F', '8jav_T', '8jav_H', '8jav_D', '8jau_H', '8jau_D', '8jas_T', '8jas_N', '8jas_H', '8jas_D', '8jar_H', '8jar_D', '8jaq_T', '8jaq_N', '8jaq_H', '8fy2_C', '8fy1_C', '8fvi_z', '8ewv_V', '8ewv_R', '8ewv_J', '8ewv_F', '8ewv_B', '8ei3_E', '8ei3_B']	55	tab:orange	inter	2	5	0.0	2
11	97	IONIC	0.046153846153846156	['8je2_C', '8fvj_9', '8fvj_4']	3	tab:red	inter	3	5	0.15	3
11	97	PICATION	0.23076923076923078	['8ij1_C', '8wqh_I', '8wqf_C', '8wqc_B', '8wqb_C', '8wqb_G', '8wqa_E', '8sh2_L', '8sh2_H', '8jav_N', '8jau_D', '8jas_D', '8ewv_F', '8ewv_B', '8ei3_E']	15	tab:green	inter	4	5	0.3	4
11	110	HBOND	0.05405405405405406	['8rx0_D', '8rwz_D']	2	tab:blue	inter	0	2	-0.3	0
11	110	VDW	0.05405405405405406	['8rx0_D', '8rwz_D']	2	tab:gray	inter	1	2	0.3	1
11	6	VDW	0.16923076923076924	['QUERY_C', '8bb3_K', '8bb2_K', '8ij1_C', '8wqf_G', '8jav_N', '8jav_D', '8jas_D', '8jar_D', '8fvj_4', '8ei3_B']	11	tab:gray	intra	0	1	0.0	0
44	6	HBOND	0.9076923076923077	['QUERY_C', '8bb5_B', '8bb4_O', '8bb3_K', '8bb2_K', '8je2_C', '8je1_H', '8je1_C', '8ij1_H', '8ij1_C', '8rx0_D', '8rwz_D', '8fy0_C', '6i7q_C', '8wqh_I', '8wqh_E', '8wqg_H', '8wqg_B', '8wqf_C', '8wqf_G', '8wqe_E', '8wqc_H', '8wqc_B', '8wqb_C', '8wqb_G', '8wqa_G', '8wqa_E', '8vlb_C', '8vl9_C', '8sh2_L', '8sh2_J', '8sh2_H', '8sh2_F', '8jav_T', '8jav_H', '8jav_D', '8jau_H', '8jau_D', '8jas_H', '8jas_D', '8jar_H', '8jar_D', '8jaq_T', '8jaq_H', '8jaq_D', '8fy2_C', '8fy1_C', '8fvj_9', '8fvj_4', '8fvi_z', '8ewv_V', '8ewv_R', '8ewv_N', '8ewv_J', '8ewv_F', '8ewv_B', '8ei3_E', '8ei3_B', '7upn_G']	59	tab:blue	intra	0	2	-0.3	0
44	6	VDW	0.3076923076923077	['8je1_H', '8je1_C', '8ij1_C', '8wqh_I', '8wqh_E', '8wqg_H', '8wqg_B', '8wqf_G', '8wqc_B', '8wqb_C', '8wqb_G', '8sh2_H', '8jav_T', '8jav_H', '8jas_N', '8jas_H', '8jar_D', '8jaq_H', '8fy1_C', '8ei3_B']	20	tab:gray	intra	1	2	0.3	1
12	7	VDW	0.015384615384615385	['8je1_H']	1	tab:gray	intra	0	1	0.0	0
12	6	VDW	0.2	['8je1_C', '8wqg_B', '8wqe_G', '8wqc_H', '8wqb_G', '8wqa_E', '8vl9_C', '8jas_D', '8jar_H', '8jaq_H', '8fvi_z', '8ewv_V', '8ewv_R']	13	tab:gray	intra	0	1	0.0	0
9	51	HBOND	0.5076923076923077	['QUERY_C', '8bb5_B', '8bb4_O', '8bb3_K', '8bb2_K', '8je1_H', '8fy0_C', '6i7q_C', '8wqh_I', '8vlb_C', '8vl9_C', '8sh2_L', '8sh2_J', '8sh2_H', '8sh2_F', '8jav_T', '8jav_H', '8jau_H', '8jau_D', '8jas_T', '8jas_H', '8jar_H', '8jaq_H', '8fy2_C', '8fy1_C', '8ewv_V', '8ewv_R', '8ewv_N', '8ewv_J', '8ewv_F', '8ewv_B', '8ei3_E', '8ei3_B']	33	tab:blue	intra	0	2	-0.3	0
9	51	VDW	0.5384615384615384	['QUERY_C', '8bb5_B', '8bb4_O', '8bb3_K', '8bb2_K', '8je1_H', '8je1_C', '8ij1_H', '8ij1_C', '8fy0_C', '6i7q_C', '8wqh_I', '8wqf_C', '8wqf_G', '8wqa_G', '8vlb_C', '8vl9_C', '8sh2_L', '8sh2_J', '8sh2_H', '8jav_T', '8jau_H', '8jau_D', '8jas_T', '8jar_H', '8jar_D', '8jaq_N', '8fy2_C', '8fy1_C', '8fvi_z', '8ewv_J', '8ewv_F', '8ewv_B', '8ei3_E', '8ei3_B']	35	tab:gray	intra	1	2	0.3	1
9	97	HBOND	0.4153846153846154	['QUERY_C', '8bb5_B', '8bb4_O', '8bb3_K', '8bb2_K', '8ij1_H', '6i7q_C', '8wqh_E', '8vl9_C', '8sh2_L', '8sh2_J', '8sh2_H', '8jav_N', '8jav_D', '8jau_H', '8jau_D', '8jas_N', '8jas_D', '8jar_H', '8jar_D', '8jaq_N', '8jaq_H', '8jaq_D', '8fy2_C', '8fy1_C', '8ewv_R', '8ewv_B']	27	tab:blue	inter	0	3	-0.3	0
9	97	VDW	0.3230769230769231	['8bb5_B', '8bb3_K', '8ij1_H', '8fy0_C', '8wqf_C', '8wqe_G', '8wqe_E', '8wqa_E', '8vlb_C', '8vl9_C', '8sh2_L', '8sh2_F', '8jav_N', '8jav_H', '8jas_N', '8jaq_T', '8jaq_D', '8fy2_C', '8ewv_R', '8ewv_B', '8ei3_E']	21	tab:gray	inter	1	3	0.0	1
9	97	IONIC	0.015384615384615385	['8ewv_N']	1	tab:red	inter	2	3	0.3	2
9	110	HBOND	0.05405405405405406	['8rx0_D', '8rwz_D']	2	tab:blue	inter	0	3	-0.3	0
9	110	VDW	0.05405405405405406	['8rx0_D', '8rwz_D']	2	tab:gray	inter	1	3	0.0	1
9	110	IONIC	0.05405405405405406	['8rx0_D', '8rwz_D']	2	tab:red	inter	2	3	0.3	2
9	49	VDW	0.015384615384615385	['8g1q_B']	1	tab:gray	intra	0	1	0.0	0
51	7	HBOND	0.27692307692307694	['8ij1_C', '8wqg_B', '8wqe_E', '8wqc_H', '8wqc_B', '8wqb_G', '8wqa_E', '8sh2_L', '8sh2_J', '8sh2_H', '8sh2_F', '8jau_H', '8jau_D', '8jas_T', '8jas_H', '8jar_H', '8jaq_T', '8ewv_R']	18	tab:blue	intra	0	2	-0.3	0
51	7	VDW	0.4307692307692308	['QUERY_C', '8bb4_O', '8bb3_K', '8je2_C', '8fy0_C', '6i7q_C', '8wqh_I', '8wqh_E', '8wqf_C', '8wqe_G', '8wqe_E', '8wqc_H', '8wqb_C', '8wqb_G', '8wqa_E', '8vl9_C', '8jav_T', '8jav_H', '8jav_D', '8jau_H', '8jau_D', '8jas_N', '8jar_H', '8jaq_D', '8fy1_C', '8ewv_R', '8ewv_N', '8ei3_B']	28	tab:gray	intra	1	2	0.3	1
51	8	HBOND	0.03076923076923077	['8wqg_H', '8g1q_B']	2	tab:blue	intra	0	1	0.0	0
97	10	HBOND	0.03076923076923077	['8jav_D', '8jaq_D']	2	tab:blue	inter	0	2	-0.3	0
97	10	VDW	0.24615384615384617	['8bb2_K', '8je2_C', '8rx0_D', '8rwz_D', '8wqg_B', '8wqf_G', '8wqc_B', '8wqb_G', '8vlb_C', '8sh2_J', '8sh2_H', '8jav_D', '8fvj_9', '8fvj_4', '8ewv_V', '8ei3_B']	16	tab:gray	inter	1	2	0.3	1
97	6	VDW	0.015384615384615385	['8g1q_B']	1	tab:gray	inter	0	1	0.0	0
110	7	HBOND	0.05405405405405406	['8rx0_D', '8rwz_D']	2	tab:blue	inter	0	2	-0.3	0
110	7	VDW	0.05405405405405406	['8rx0_D', '8rwz_D']	2	tab:gray	inter	1	2	0.3	1
110	10	VDW	0.05405405405405406	['8rx0_D', '8rwz_D']	2	tab:gray	inter	0	1	0.0	0
110	8	HBOND	0.05405405405405406	['8rx0_D', '8rwz_D']	2	tab:blue	inter	0	1	0.0	0
49	7	VDW	0.13846153846153847	['QUERY_C', '8bb3_K', '8ij1_H', '8ij1_C', '8wqh_I', '8wqf_G', '8jav_H', '8fvi_z', '8ewv_F']	9	tab:gray	intra	0	1	0.0	0
49	8	HBOND	0.8307692307692308	['QUERY_C', '8bb5_B', '8bb4_O', '8bb3_K', '8bb2_K', '8je2_C', '8je1_C', '8ij1_H', '8ij1_C', '8fy0_C', '6i7q_C', '8wqh_I', '8wqh_E', '8wqg_H', '8wqf_C', '8wqf_G', '8wqe_G', '8wqe_E', '8wqc_H', '8wqc_B', '8wqb_C', '8wqa_G', '8wqa_E', '8vlb_C', '8vl9_C', '8sh2_J', '8sh2_H', '8jav_T', '8jav_N', '8jav_H', '8jav_D', '8jau_H', '8jau_D', '8jas_T', '8jas_H', '8jas_D', '8jar_H', '8jar_D', '8jaq_T', '8jaq_N', '8jaq_H', '8jaq_D', '8fy2_C', '8fy1_C', '8fvi_z', '8ewv_V', '8ewv_R', '8ewv_N', '8ewv_J', '8ewv_F', '8ewv_B', '8ei3_E', '8ei3_B', '7upn_G']	54	tab:blue	intra	0	2	-0.3	0
49	8	VDW	0.35384615384615387	['8bb3_K', '8je1_C', '8ij1_C', '8wqg_B', '8wqf_C', '8wqf_G', '8wqc_H', '8wqc_B', '8wqb_G', '8wqa_E', '8sh2_J', '8jav_N', '8jav_D', '8jas_H', '8jaq_D', '8fy2_C', '8fy1_C', '8fvj_4', '8ewv_R', '8ewv_J', '8ewv_B', '8ei3_B', '7upn_G']	23	tab:gray	intra	1	2	0.3	1
7	50	HBOND	0.046153846153846156	['8ij1_H', '8wqg_H', '8wqb_G']	3	tab:blue	intra	0	2	-0.3	0
7	50	VDW	0.13846153846153847	['8bb2_K', '8ij1_C', '8wqa_G', '8jav_H', '8jav_D', '8jar_D', '8jaq_H', '8jaq_D', '8fvi_z']	9	tab:gray	intra	1	2	0.3	1
7	10	HBOND	0.5076923076923077	['QUERY_C', '8bb5_B', '8bb3_K', '8bb2_K', '8je1_H', '8ij1_H', '8ij1_C', '8fy0_C', '6i7q_C', '8wqh_I', '8wqh_E', '8wqf_G', '8wqc_H', '8wqb_G', '8wqa_G', '8vlb_C', '8vl9_C', '8sh2_L', '8jas_T', '8jas_N', '8jas_D', '8jaq_N', '8jaq_D', '8fy2_C', '8fy1_C', '8fvi_z', '8ewv_V', '8ewv_R', '8ewv_N', '8ewv_J', '8ewv_F', '8ewv_B', '8ei3_B']	33	tab:blue	intra	0	2	-0.3	0
7	10	VDW	0.2153846153846154	['8bb2_K', '8je2_C', '8je1_H', '8je1_C', '8ij1_C', '6i7q_C', '8wqg_B', '8wqc_B', '8sh2_H', '8jas_T', '8jas_D', '8ewv_N', '8ei3_E', '8ei3_B']	14	tab:gray	intra	1	2	0.3	1
7	45	HBOND	0.015384615384615385	['8je1_H']	1	tab:blue	intra	0	1	0.0	0
7	47	HBOND	0.03076923076923077	['8sh2_L', '8ei3_E']	2	tab:blue	intra	0	2	-0.3	0
7	47	VDW	0.046153846153846156	['QUERY_C', '8sh2_L', '8ewv_J']	3	tab:gray	intra	1	2	0.3	1
50	8	VDW	0.09230769230769231	['QUERY_C', '8bb5_B', '8jav_N', '8jaq_T', '8fy1_C', '8ewv_J']	6	tab:gray	intra	0	1	0.0	0
10	47	VDW	0.015384615384615385	['QUERY_C']	1	tab:gray	intra	0	1	0.0	0
10	6	VDW	0.046153846153846156	['8jas_T', '8jar_H', '8jaq_T']	3	tab:gray	intra	0	1	0.0	0
45	6	HBOND	0.015384615384615385	['8je1_H']	1	tab:blue	intra	0	2	-0.3	0
45	6	VDW	0.3076923076923077	['8bb2_K', '8je2_C', '8je1_H', '8ij1_H', '8ij1_C', '6i7q_C', '8wqh_I', '8wqe_G', '8wqc_B', '8wqb_G', '8wqa_E', '8sh2_F', '8jav_D', '8jas_T', '8jas_H', '8jaq_H', '8jaq_D', '8fvi_z', '8ewv_R', '8ewv_B']	20	tab:gray	intra	1	2	0.3	1
47	8	HBOND	0.1076923076923077	['8rx0_D', '8rwz_D', '8wqg_H', '8jav_D', '8jas_D', '8jaq_D', '7upn_G']	7	tab:blue	intra	0	2	-0.3	0
47	8	VDW	0.36923076923076925	['QUERY_C', '8bb2_K', '8je2_C', '8je1_H', '8ij1_H', '6i7q_C', '8wqe_E', '8wqb_C', '8vlb_C', '8sh2_F', '8jau_D', '8jas_N', '8jas_D', '8jar_D', '8jaq_N', '8jaq_D', '8fy2_C', '8fvj_9', '8fvj_4', '8ewv_V', '8ewv_R', '8ewv_J', '8ewv_B', '7upn_G']	24	tab:gray	intra	1	2	0.3	1
47	6	VDW	0.015384615384615385	['8sh2_L']	1	tab:gray	intra	0	1	0.0	0
8	48	HBOND	0.015384615384615385	['8jav_N']	1	tab:blue	intra	0	2	-0.3	0
8	48	VDW	0.015384615384615385	['8bb4_O']	1	tab:gray	intra	1	2	0.3	1
6	43	VDW	0.2	['8je1_H', '8ij1_H', '6i7q_C', '8wqg_B', '8wqe_E', '8sh2_J', '8jav_H', '8jas_T', '8jas_H', '8jar_H', '8fvj_9', '8fvi_z', '7upn_G']	13	tab:gray	intra	0	1	0.0	0
6	16	VDW	0.015384615384615385	['8g1q_B']	1	tab:gray	intra	0	1	0.0	0
