u	node_type	color	x	y	z	consensus	identifier	EIDN	db_code	pdbx_description
5	RES	#1f77b4	57.942	33.75	104.063	Leu				
13	RES	#1f77b4	53.418	33.281	101.774	Phe				
17	RES	#1f77b4	53.377	40.488	111.146	Arg				
15	RES	#1f77b4	51.031	36.932	106.508	Val				
58	RES	#1f77b4	50.739	29.849	108.261	Cys				
61	RES	#1f77b4	49.519	31.135	112.951	Phe				
46	RES	#1f77b4	62.794	29.244	104.973	Phe				
54	RES	#1f77b4	54.831	26.125	105.122	Leu				
26	RES	#1f77b4	60.49	34.512	113.792	Ile				
11	RES	#1f77b4	56.165	29.743	96.886	His				
44	RES	#1f77b4	62.302	35.75	105.557	Val				
12	RES	#1f77b4	55.703	33.042	98.72	Glu				
9	RES	#1f77b4	60.016	25.466	95.996	Asp				
51	RES	#1f77b4	55.243	24.683	100.398	Ser				
97	CHAIN	#2ca02c	84.57354567603922	-6.806671021228798	123.36336054148991	CHN	Q15370	0.0	ELOB_HUMAN	Elongin-B
110	CHAIN	#2ca02c	147.47110393811394	-9.202107877912571	116.36224751660036	CHN	Q13617	13.0	CUL2_HUMAN	Cullin-2
49	RES	#1f77b4	60.574	23.95	104.294	Ile				
7	RES	#1f77b4	59.477	28.062	100.875	Ser				
50	RES	#1f77b4	58.401	22.778	101.337	Pro				
10	RES	#1f77b4	59.71	29.227	95.637	Gly				
45	RES	#1f77b4	63.7	32.73	103.77	Asn				
47	RES	#1f77b4	63.95	27.447	101.85	Arg				
8	RES	#1f77b4	61.897	25.607	99.288	Ser				
48	RES	#1f77b4	64.349	24.201	103.79	Glu				
6	RES	#1f77b4	59.657	31.854	101.219	Ile				
43	RES	#1f77b4	61.149	38.912	103.799	Glu				
16	RES	#1f77b4	50.319	39.668	109.074	Lys				
