u	consensus	node_type	identifier	EIDN	db_code	pdbx_description	x	y	z	color
97	CHN	CHAIN	Q15370	0.0	ELOB_HUMAN	Elongin-B	109.02984496814724	-23.272154556213184	142.31154632141158	#2ca02c
14	Ile	RES					52.439	36.73	103.003	#1f77b4
87	Leu	RES					55.247	19.567	110.041	#1f77b4
99	CHN	CHAIN	P40337	2.0	VHL_HUMAN	von Hippel-Lindau disease tumor suppressor	85.7315083809247	-18.182443705211206	137.31701015635133	#2ca02c
59	Met	RES					47.251	28.401	108.871	#1f77b4
79	Ile	RES					46.99	17.456	110.256	#1f77b4
23	Ser	RES					56.711	31.579	115.828	#1f77b4
94	Leu	RES					60.075	27.479	114.278	#1f77b4
8	Ser	RES					61.897	25.607	99.288	#1f77b4
47	Arg	RES					63.95	27.447	101.85	#1f77b4
21	Leu	RES					55.354	36.296	115.725	#1f77b4
27	Lys	RES					59.71	36.673	116.848	#1f77b4
58	Cys	RES					50.739	29.849	108.261	#1f77b4
61	Phe	RES					49.519	31.135	112.951	#1f77b4
7	Ser	RES					59.477	28.062	100.875	#1f77b4
19	His	RES					50.604	36.334	113.261	#1f77b4
15	Val	RES					51.031	36.932	106.508	#1f77b4
24	Gly	RES					59.265	32.083	118.588	#1f77b4
76	Glu	RES					40.812	20.608	116.178	#1f77b4
28	Ala	RES					63.365	36.658	117.905	#1f77b4
11	His	RES					56.165	29.743	96.886	#1f77b4
26	Ile	RES					60.49	34.512	113.792	#1f77b4
30	Leu	RES					62.372	40.52	114.031	#1f77b4
54	Leu	RES					54.831	26.125	105.122	#1f77b4
83	Ile	RES					52.542	15.712	106.356	#1f77b4
86	Glu	RES					57.636	17.259	108.201	#1f77b4
63	Tyr	RES					44.415	29.595	114.252	#1f77b4
91	Ala	RES					57.143	23.315	114.363	#1f77b4
92	Asn	RES					60.218	22.298	116.344	#1f77b4
46	Phe	RES					62.794	29.244	104.973	#1f77b4
88	Leu	RES					56.601	18.341	113.371	#1f77b4
31	Ser	RES					62.752	41.677	117.657	#1f77b4
85	Leu	RES					56.549	14.289	110.322	#1f77b4
89	Met	RES					60.141	19.142	112.295	#1f77b4
6	Ile	RES					59.657	31.854	101.219	#1f77b4
55	Ser	RES					51.229	26.663	104.05	#1f77b4
49	Ile	RES					60.574	23.95	104.294	#1f77b4
3	Val	RES					55.982	39.523	106.466	#1f77b4
20	Ala	RES					54.149	35.451	112.212	#1f77b4
84	Ala	RES					52.81	15.062	110.131	#1f77b4
80	Ala	RES					46.954	14.823	107.514	#1f77b4
18	Glu	RES					51.557	39.825	114.447	#1f77b4
65	Val	RES					45.92	34.114	117.11	#1f77b4
53	Val	RES					54.288	22.35	104.971	#1f77b4
67	Tyr	RES					41.561	31.069	119.336	#1f77b4
77	Phe	RES					43.828	21.821	114.163	#1f77b4
56	Lys	RES					49.949	24.652	107.058	#1f77b4
17	Arg	RES					53.377	40.488	111.146	#1f77b4
75	Pro	RES					38.065	23.169	116.718	#1f77b4
51	Ser	RES					55.243	24.683	100.398	#1f77b4
96	Cys	RES					55.569	27.16	117.863	#1f77b4
74	Ile	RES					37.907	25.519	119.74	#1f77b4
60	Tyr	RES					48.484	27.499	112.36	#1f77b4
1	Met	RES					52.452	45.145	108.818	#1f77b4
16	Lys	RES					50.319	39.668	109.074	#1f77b4
10	Gly	RES					59.71	29.227	95.637	#1f77b4
52	His	RES					52.868	21.895	101.477	#1f77b4
78	Pro	RES					43.822	19.289	111.285	#1f77b4
90	Ala	RES					59.069	22.599	111.128	#1f77b4
25	Thr	RES					61.971	31.742	115.937	#1f77b4
29	Met	RES					64.512	37.392	114.338	#1f77b4
4	Lys	RES					56.779	37.338	103.422	#1f77b4
42	Asn	RES					59.955	41.944	105.75	#1f77b4
82	Glu	RES					51.341	12.214	105.391	#1f77b4
50	Pro	RES					58.401	22.778	101.337	#1f77b4
71	Ser	RES					36.015	31.312	125.243	#1f77b4
44	Val	RES					62.302	35.75	105.557	#1f77b4
13	Phe	RES					53.418	33.281	101.774	#1f77b4
81	Pro	RES					49.039	11.753	108.391	#1f77b4
2	Tyr	RES					53.097	41.995	106.755	#1f77b4
9	Asp	RES					60.016	25.466	95.996	#1f77b4
57	Val	RES					52.316	26.558	109.351	#1f77b4
64	Lys	RES					46.629	30.369	117.24	#1f77b4
68	Thr	RES					44.045	32.217	121.97	#1f77b4
73	Glu	RES					34.465	26.306	121.169	#1f77b4
62	Thr	RES					45.988	32.299	112.049	#1f77b4
66	Arg	RES					42.177	33.683	116.636	#1f77b4
5	Leu	RES					57.942	33.75	104.063	#1f77b4
12	Glu	RES					55.703	33.042	98.72	#1f77b4
43	Glu	RES					61.149	38.912	103.799	#1f77b4
93	Phe	RES					62.443	24.498	114.149	#1f77b4
48	Glu	RES					64.349	24.201	103.79	#1f77b4
70	Ser	RES					38.874	33.07	123.484	#1f77b4
22	Thr	RES					53.441	33.196	116.837	#1f77b4
95	Asp	RES					59.374	27.109	118.008	#1f77b4
108	LIG	LIG	HEXAETHYLENE GLYCOL	11.0		HEXAETHYLENE GLYCOL	67.1649617755814	56.90724342407406	163.9389656597001	#d62728
105	LIG	LIG	1,2-ETHANEDIOL	8.0		1,2-ETHANEDIOL	42.66966281002025	23.72205991021902	144.60850692760468	#d62728
103	LIG	LIG	THIOCYANATE ION	6.0		THIOCYANATE ION	41.257115725655545	24.61342923449609	152.84263006022266	#d62728
45	Asn	RES					63.7	32.73	103.77	#1f77b4
111	CHN	CHAIN	Q9UK73	14.0	FEM1B_HUMAN	Protein fem-1 homolog B	142.77970240774644	-59.575237385394104	137.52565020691202	#2ca02c
110	CHN	CHAIN	Q13617	13.0	CUL2_HUMAN	Cullin-2	185.55871795511527	-70.53153872238994	163.18873476392338	#2ca02c
33	Pro	RES					65.073	47.954	116.522	#1f77b4
35	Gln	RES								#1f77b4
32	Gly	RES					65.524	44.158	116.864	#1f77b4
36	Phe	RES								#1f77b4
37	Ala	RES								#1f77b4
40	Glu	RES								#1f77b4
39	Asn	RES								#1f77b4
72	Thr	RES					34.567	29.996	121.969	#1f77b4
69	Asn	RES					42.292	34.22	124.699	#1f77b4
34	Gly	RES								#1f77b4
0	Ala	RES								#1f77b4
38	Glu	RES								
41	Thr	RES								#1f77b4
